name,link,price,image
"Букет ""Мусси""",/catalog/bukety/buket-mussi/,от 1 550 ₽,/upload/iblock/d61/3tnhnjvn50rihe07jqwpkjjldg0kclyo.jpg
Букет №1,/catalog/bukety/buket-1/,от 1 650 ₽,/upload/iblock/a24/ygclr6pshiqtj54g978gd0gpy8kgi6lf.jpg
Букет №2,/catalog/bukety/buket-2/,от 1 650 ₽,/upload/iblock/622/wsgvwoozupoc3feq5ykvzbrl6bqd69ci.jpg
Букет №3,/catalog/bukety/buket-3/,от 1 650 ₽,/upload/iblock/221/8vz8qzs2flzk2dvgfwrplbiqb6hq2npr.jpg
Букет №4,/catalog/bukety/buket-4/,от 1 650 ₽,/upload/iblock/946/9eb4nmxuhfcn1ritf3v2y36o8k23q4bd.jpg
Букет №5,/catalog/bukety/buket-5/,от 1 650 ₽,/upload/iblock/bfd/97irkcho4w0vd27t41qdc99qvnyg7c90.jpg
Букет №7,/catalog/bukety/buket-7/,от 3 350 ₽,/upload/iblock/dff/htn1l5s3r0o5912b2r7a6z03v0luiqx8.jpg
Букет №8,/catalog/bukety/buket-8/,от 2 800 ₽,/upload/iblock/0e6/98rchdo0or68ky2m4zpn8e7uxfyw15lt.jpg
Букет №9,/catalog/bukety/buket-9/,от 5 550 ₽,/upload/iblock/7b8/wqhv995otefe68tndkzd3qwf68cegmh1.jpg
Букет 25 красных роз,/catalog/bukety/buket-25-krasnykh-roz/,от 5 250 ₽,/upload/iblock/cb1/fw03w0c5w4a0t7pjk9mndgax1u0g988u.jpg
"Ящик ""Аметист""",/catalog/bukety/yashchik-ametist/,от 5 000 ₽,/upload/iblock/9a0/3yvobum8sjss7pi5lrngkbx6fo7nvtfp.jpg
"Букет ""Котята""",/catalog/bukety/buket-kotyata/,от 3 500 ₽,/upload/iblock/60b/g6cl8w3cs073dlskor1og1ovfyh72206.jpg
"Букет ""Мармеладки""",/catalog/bukety/buket-marmeladki/,от 3 500 ₽,/upload/iblock/262/a9kjwhi9d11saopkbbkswliuy3it7j7u.jpg
"Букет ""Волшебные зефирки""",/catalog/bukety/buket-volshebnye-zefirki/,от 20 000 ₽,/upload/iblock/c8d/kuxs5nfzhofzcgbt0p8dbujz2tzsfb1r.jpg
"Букет ""Поппи""",/catalog/bukety/buket-poppi/,от 15 000 ₽,/upload/iblock/075/rt0ctao2fge3jwucmod3gj8gtinifoab.jpg
"Букет ""Тоадетт""",/catalog/bukety/buket-toadett/,от 15 000 ₽,/upload/iblock/d28/0id990qlk1simh9or94a3nxl39ilw3yd.jpg
"Букет ""Личи""",/catalog/bukety/buket-lichi/,от 5 500 ₽,/upload/iblock/e93/7dhyr96jtnvc4v1g3bkj66362u4bptn1.jpg
"Букет ""Мерида""",/catalog/bukety/buket-merida/,от 5 500 ₽,/upload/iblock/1f1/parwgr5y9gs1h9733hfc5bk9iaqdrvud.jpg
"Букет ""Мохито""",/catalog/bukety/buket-mokhito/,от 5 500 ₽,/upload/iblock/fbb/8lq448qcr4jq0kxmp6losa0saszja2et.jpg
"Букет ""Маргарита""",/catalog/bukety/buket-margarita/,от 5 500 ₽,/upload/iblock/2f9/cipw7uakv2dmhxwybnrkor9az46lrpqd.jpg
"Букет ""Пина Колада""",/catalog/bukety/buket-pina-kolada/,от 10 000 ₽,/upload/iblock/bcc/t7xx3vh2jcgxm83zg5qrcmex1y00j10a.jpg
"Букет ""Черный Лес""",/catalog/bukety/buket-chernyy-les/,от 3 500 ₽,/upload/iblock/07b/0rjesxkstjfbvd2vwtm9t6k6nam3pyx3.jpeg
"Букет ""Милкшейк""",/catalog/bukety/buket-milksheyk/,от 6 000 ₽,/upload/iblock/555/kj3tsu1nq4rjsigoc4324gvz01ua305l.jpg
"Цветы в коробке ""Таня""",/catalog/bukety/tsvety-v-korobke-tanya/,от 5 900 ₽,/upload/iblock/124/0eyuv8qeytggjhqz0os021d0dpweeibo.jpg
"Букет ""Селло""",/catalog/bukety/buket-sello/,от 2 350 ₽,/upload/iblock/a6f/vyuqefw8rwly4ejlle55pn2hifp1mdxb.jpg
"Букет ""Кармен""",/catalog/bukety/buket-karmen/,от 3 950 ₽,/upload/iblock/d87/c6y0t8t05wdbjb6etwkr077gzqtniaq1.jpg
"Букет ""Пьяная Вишня""",/catalog/bukety/buket-pyanaya-vishnya/,от 4 750 ₽,/upload/iblock/124/4wdodgrzl2ipljcj5m16yg8ndvodno01.jpg
"Букет ""Пломбир""",/catalog/bukety/buket-plombir/,от 3 500 ₽,/upload/iblock/3a3/ypinjlll6i1bwzzkqg71b8idrueg51fs.jpg
"Букет ""Миндаль""",/catalog/bukety/buket-mindal/,от 3 000 ₽,/upload/iblock/2ea/3mm2o04jxmms77c4y40gy1lkbhmkhbkr.jpg
"Букет ""Твинс""",/catalog/bukety/buket-tvins/,от 1 850 ₽,/upload/iblock/036/tko361eex6amu7ili2lkqvluowzx0mh6.jpg
"Букет ""Экзо""",/catalog/bukety/buket-ekzo/,от 10 000 ₽,/upload/iblock/c45/pmm4wy52cucf30yuak824efbuqma7buq.jpg
Букет Аниме,/catalog/bukety/buket-anime/,от 4 300 ₽,/upload/iblock/b0a/p71vapay1cwktmy6fuluqfgnqyyg1pxu.jpeg
"Букет ""Нероли""",/catalog/bukety/buket-debyut/,от 18 500 ₽,/upload/iblock/5ac/1oyiyvcb4b3fut76pzowj1ndlfh5exvu.jpg
Букет Нина,/catalog/bukety/buket-nina/,от 5 350 ₽,/upload/iblock/8b3/ycg3q74jn533wjnoedj9jyj7fl16uxhn.jpg
Букет Ханни,/catalog/bukety/buket-khanni/,от 3 500 ₽,/upload/iblock/ab6/w1t31qi7enz50lk4ubcugnrvp0w3zhrr.jpeg
Букет Бархат,/catalog/bukety/buket-barkhat/,от 3 500 ₽,/upload/iblock/406/ntr26z7ty0d24r4ep53e4i9rtrrtho7i.webp
Цветы в коробке Свит Черри,/catalog/bukety/tsvety-v-korobke-svit-cherri/,от 4 500 ₽,/upload/iblock/1f9/fgaqqqw5l4ru8roaj53elxmgggb3auf8.webp
Цветы в сумочке Сильнее слов,/catalog/bukety/tsvety-v-sumochke-silnee-slov/,от 2 850 ₽,/upload/iblock/7f7/ulfhpy6nm0lrmk4uierssrsr3edw94fa.jpg
Букет Венеция,/catalog/bukety/buket-venetsiya/,от 5 000 ₽,/upload/iblock/545/69q4dlt9zuoqyb4wvrjbc1n3dgx71m1k.jpg
Букет гигант Флер,/catalog/bukety/buket-fler/,от 3 450 ₽,/upload/iblock/db6/m7s6i3vzs2uk0juzpgbycuqbniikd5r8.webp
Букет Бирюза,/catalog/bukety/buket-biryuza/,от 2 250 ₽,/upload/iblock/af9/ctk6rl31meyskglf4eah8bv70nj0iaq7.webp
Букет Фурия,/catalog/bukety/buket-furiya/,от 3 500 ₽,/upload/iblock/a98/0tggg9wrinepjlfzykpcsy0y0zjor2jm.jpg
Букет Маджестик,/catalog/bukety/buket-madzhestik/,от 3 450 ₽,/upload/iblock/48e/mp3rlta2b9sdpvtit9mdzd581k8wqwql.webp
Букет из роз Дроп,/catalog/bukety/buket-iz-roz-drop/,от 2 950 ₽,/upload/iblock/49a/f08cdp88w4fptvi32tgshberdf7q3nq8.webp
Букет Капля,/catalog/bukety/buket-kaplya/,от 2 950 ₽,/upload/iblock/0ba/3az6efft7g26dutic7ckyfnjg0m4uc63.webp
Букет Фламенко,/catalog/bukety/buket-flamenko/,от 10 500 ₽,/upload/iblock/0fe/zt14gd678aefrx4d4it9985ntfbvans6.png
"Букет ""Маджента""",/catalog/bukety/buket-/,от 7 950 ₽,/upload/iblock/2c1/tz68l4mcfb6pu3zb01van12uemkuhk39.jpg
"Авторский букет ""Мента""",/catalog/bukety/avtorskiy-buket-menta/,от 6 000 ₽,/upload/iblock/74f/0j5p76osde94h1o9yt721263f6bli1qa.jpg
"Букет ""Бигоуди""",/catalog/bukety/buket-bigoudi/,от 3 350 ₽,/upload/iblock/e21/pv0bepkwvs70r84krkb0wbzeq074qc2r.jpg
"Букет ""Майорка""",/catalog/bukety/buket-mayorka/,от 6 500 ₽,/upload/iblock/eb6/zf14fhcl7bpq7fyi42tluroeufbyxgow.jpg
"Букет ""Зыбучие пески""",/catalog/bukety/buket-zybuchie-peski/,от 4 250 ₽,/upload/iblock/fc5/qyibi3slnb5bog3lx1kdg8x822msc5zh.jpg
"Букет ""Барселона""",/catalog/bukety/buket-barselona/,от 5 950 ₽,/upload/iblock/eb1/pp3bne4am7g0904vbee3nfz6q39837wv.jpg
"Букет невесты ""Бриз""",/catalog/bukety/buket-nevesty-briz/,от 3 000 ₽,/upload/iblock/003/2hskt5xcg2pddq4lt2f0g7q2rao0ix74.jpg
"Букет невесты ""Флирт""",/catalog/bukety/buket-nevesty-flirt/,от 5 000 ₽,/upload/iblock/6b6/iwe6g0h3j9hzb6btmjtofum6a2ybi133.jpg
"Букет ""Пламя""",/catalog/bukety/buket-plamya/,от 1 850 ₽,/upload/iblock/b4a/a36mu6pdwwx4erfx3ahc4o36b526152q.jpg
"Букет ""Белый стих""",/catalog/bukety/buket-belyy-stikh/,от 1 900 ₽,/upload/iblock/eaa/sc1p1i12i73vbyvcsc0b6988vfk3a7sj.jpg
"Букет ""Фиеста""",/catalog/bukety/buket-fiesta/,от 1 500 ₽,/upload/iblock/82d/7l1ys55ghpziq6bmvja4t2v3iti5rz6v.jpg
"Букет ""Сумерки""",/catalog/bukety/buket-sumerki/,от 1 700 ₽,/upload/iblock/877/no4y8ev59iab3hpdu1gz20kinwja2xj3.jpg
"Букет из роз ""Крем-брюле""",/catalog/bukety/buket-iz-roz-krem-bryule/,от 7 500 ₽,/upload/iblock/036/n9pa95bjqb5xaxxmqnvvdw6rh6tr9s1i.jpg
Букет из 101 розы,/catalog/bukety/buket-iz-51-rozy/,от 19 750 ₽,/upload/iblock/079/86a6bqh2kosmx36kb7jsts5ytjrhkx0a.jpg
Букет из 101 красной розы,/catalog/bukety/buket-iz-101-rozy/,от 19 750 ₽,/upload/iblock/9a6/802a2mma6qa3938tp3ncyxchpx0ne88d.jpg
Букет с розовой гортензией,/catalog/bukety/buket-s-rozovoy-gortenziey/,от 1 300 ₽,/upload/iblock/2ff/302p09o0ip3o8uhlwc4bqd9uvv163fk1.jpg
Розы в корзине,/catalog/bukety/rozy-v-korzine/,от 12 500 ₽,/upload/iblock/c40/1u34a8wei3o2flwuivon21d2139m3q6z.jpg
"Цветы в коробке ""Диор""",/catalog/bukety/tsvety-v-korobke-dior/,от 6 250 ₽,/upload/iblock/5ed/l3o585j68qgoj5jzya5a32y4gz1i2alq.jpg
Букет из 51 белой розы,/catalog/bukety/buket-iz-51-beloy-rozy/,от 9 950 ₽,/upload/iblock/b1e/dokwmbtr8i0tnbkjq1mvxaa71gesupph.png
"Букет ""Сливки""",/catalog/bukety/tsvety-v-korzine-s-orkhideey/,от 7 000 ₽,/upload/iblock/b37/xmr3a4cl1bv3f75nkl3g1qqms4g8fwck.jpg
"Букет ""Лайт"" оранжевый",/catalog/bukety/buket-layt-oranzhevyy/,от 2 750 ₽,/upload/iblock/777/cwhtf8ka6j0h3t13pp5xnraakt8sb4lx.jpg
"Букет ""Лайт"" розовый",/catalog/bukety/buket-layt-rozovyy/,от 2 750 ₽,/upload/iblock/b74/zc8r0ifeack815cnvhc396uwu6s93iar.jpg
"Букет ""Лайт""",/catalog/bukety/buket-layt/,от 2 750 ₽,/upload/iblock/342/dma8m353gjbto1mp6lymvkc7y9j1k83o.jpg
Букет невесты из розы и фрезии,/catalog/bukety/buket-nevesty-iz-rozy-i-frezii/,от 5 000 ₽,/upload/iblock/fc5/g1nnewgmcr9z17zx01z3b0o7lbzc8w03.jpg
Букет невесты из диантуса,/catalog/bukety/buket-nevesty-iz-diantusa/,от 3 500 ₽,/upload/iblock/813/kjthhy3cxxifxz2sy9dtb6hxhvrm066y.jpg
"Букет невесты ""Бохо""",/catalog/bukety/buket-nevesty-bokho/,от 5 000 ₽,/upload/iblock/237/vc3fbrid6hgf52887pqbf487upi73p11.jpg
"Букет ""Доминикана""",/catalog/bukety/buket-dominikana/,от 3 500 ₽,/upload/iblock/ef2/szcfhiuzz1cuoynxg1xpjrqhr2yo2hb0.jpg
"Букет ""Десерт""",/catalog/bukety/buket-desert/,от 1 500 ₽,/upload/iblock/d4e/lvlku931izkiyu4zfplui0gi2k1ejkzs.jpg
Сумочка с цветами в ярких тонах,/catalog/bukety/sumochka-s-tsvetami-v-yarkikh-tonakh/,от 1 600 ₽,/upload/iblock/b55/slu1ai1jixyvmne6e6b9jfewrddfdv6e.jpg
Сумочка с цветами в нежных тонах,/catalog/bukety/sumochka-s-tsvetami-v-nezhnykh-tonakh/,от 1 600 ₽,/upload/iblock/427/hrqkjyrvvq8v93h6nrxk27cxb4shmziy.jpg
Букет из крупных гербер,/catalog/bukety/buket-iz-krupnykh-gerber/,от 1 000 ₽,/upload/iblock/e24/kq7apwey5idz0ekme9tbbuwaaptxq0ng.jpg
"Букет ""Фреш""",/catalog/bukety/buket-fresh/,от 3 000 ₽,/upload/iblock/67d/naqmemhace1zttw8ct7ngaxz59an43pz.jpg
"Букет ""Спешел""",/catalog/bukety/buket-speshel/,от 1 750 ₽,/upload/iblock/5c7/fk7req24m2ukq8hu519cba2kzaygx9cu.jpg
"Букет ""Топ""",/catalog/bukety/buket-top/,от 1 500 ₽,/upload/iblock/bdb/21oyv3s9rxxn52jilrkpw7e48mclkqvs.JPG
"Букет ""Трио-рио""",/catalog/bukety/buket-trio-rio/,от 2 000 ₽,/upload/iblock/c55/i2upvfetd0bf22w0glwexkgq2qz2d2qn.jpg
"Букет ""Альба""",/catalog/bukety/buket-alba/,от 2 500 ₽,/upload/iblock/fbd/5mtzobeh6naek0skam5ssiwfb0eo3p3q.jpg
"Букет невесты ""Моя нежность""",/catalog/bukety/buket-nevesty-moya-nezhnost/,от 6 500 ₽,/upload/iblock/a9e/3ho6h0o8ssy0176qpvcvec64s4zrw70w.jpg
"Цветы в коробке ""Нюд""",/catalog/bukety/tsvety-v-korobke-nyud/,от 3 000 ₽,/upload/iblock/b19/b192df044e2a540c7efc64d891a612a0.jpg
Букет в коробке авторский №5,/catalog/bukety/buket-v-korobke-avtorskiy-5/,от 6 000 ₽,/upload/iblock/83e/83e8ccd596fdc3ff05eab46fa2eb1274.jpg
Букет Краски,/catalog/bukety/buket-kraski/,от 3 300 ₽,/upload/iblock/6b4/73a3q53wc6hfd6yxtlr9n4hjtpbjenob.jpeg
Букет Аэрография,/catalog/bukety/buket-aerografiya/,от 5 500 ₽,/upload/iblock/0f2/y7t2w48zmr9v2r9cg9opf94l6euh4dbp.webp
Букет Сахар,/catalog/bukety/buket-sakhar/,от 2 950 ₽,/upload/iblock/aef/fx7asuyl8lcz0u84y1runfk6rgwn6via.webp
Букет из 15 лилий,/catalog/bukety/buket-iz-15-liliy/,от 6 950 ₽,/upload/iblock/d2d/vfj3df9mlq1egqanjzpheultkwxfdi71.webp
Букет из 7 лилий,/catalog/bukety/buket-iz-7-liliy/,от 3 500 ₽,/upload/iblock/b33/de5ab2oezgqe5m8gjq9omsx0rvnleh9p.webp
Букет Гранд,/catalog/bukety/buket-grand/,от 3 950 ₽,/upload/iblock/9ed/wifanyqxkuk1re4q4oa23uhyi7frnt49.webp
"Букет невесты ""Лоретт""",/catalog/bukety/buket-nevesty-lorett/,от 6 500 ₽,/upload/iblock/702/zltkrzvva52k99a2785uukd04e1c5ngv.jpg
Букет невесты Аннет,/catalog/bukety/buket-nevesty-annet/,от 5 000 ₽,/upload/iblock/e96/y1o1rqyil0ok1148outwkhyoiguy8yh9.jpg
Букет невесты Агата,/catalog/bukety/buket-nevesty-agata/,от 5 000 ₽,/upload/iblock/613/s2hmsjvx0kravp6w81kw0tdzpzo8c96p.jpg
Букет цветов Красный бархат,/catalog/bukety/buket-tsvetov-krasnyy-barkhat/,от 7 000 ₽,/upload/iblock/852/kgh5zkym2x0b8qiprtm17jt4avv1inr9.webp
"Букет невесты ""Моника""",/catalog/bukety/buket-nevesty-monika/,от 5 000 ₽,/upload/iblock/368/z0fwmmw5v5f4pr636agv5bzs5qddgrhp.JPG
